USE Pub_Library
GO


INSERT [dbo].[authors] ([Author_id], [Author_FName], [Author_LName], [Author_Phone], [Address], [City], [State], [Zip]) VALUES ('172321176', 'Johnson','White', '408 496-7223', '10932 Bigge Rd.', 'Menlo Park', 'CA', '94025')
INSERT [dbo].[authors] ([Author_id], [Author_FName], [Author_LName], [Author_Phone], [Address], [City], [State], [Zip]) VALUES ('182528743', 'Joanne','Rowling', '999 000-0000', '3833, boulevard Beau Marchais', 'YATE', '  ', '99796')
INSERT [dbo].[authors] ([Author_id], [Author_FName], [Author_LName], [Author_Phone], [Address], [City], [State], [Zip]) VALUES ('213468915', 'Marjorie','Green',  '415 986-7020', '309 63rd St. #411', 'Oakland', 'CA', '94618')
INSERT [dbo].[authors] ([Author_id], [Author_FName], [Author_LName], [Author_Phone], [Address], [City], [State], [Zip]) VALUES ('238957766', 'Cheryl','Carson',  '415 548-7723', '589 Darwin Ln.', 'Berkeley', 'CA', '94705')
INSERT [dbo].[authors] ([Author_id], [Author_FName], [Author_LName], [Author_Phone], [Address], [City], [State], [Zip]) VALUES ('254266712', 'Tolkien','J.R.R.' , '            ', '448 Roanoke Dr.', 'London', NULL, '99852')
INSERT [dbo].[authors] ([Author_id], [Author_FName], [Author_LName], [Author_Phone], [Address], [City], [State], [Zip]) VALUES ('267412394', 'Michael','O''Leary',  '408 286-2428', '22 Cleveland Av. #14', 'San Jose', 'CA','95128')
INSERT [dbo].[authors] ([Author_id], [Author_FName], [Author_LName], [Author_Phone], [Address], [City], [State], [Zip]) VALUES ('274809391', 'Dean','Straight',  '415 834-2919', '5420 College Av.', 'Oakland','CA', N'94609')
INSERT [dbo].[authors] ([Author_id], [Author_FName], [Author_LName], [Author_Phone], [Address], [City], [State], [Zip]) VALUES ('341221782', 'Meander','Smith',  '913 843-0462', '10 Mississippi Dr.','Lawrence','KS', '66044')
INSERT [dbo].[authors] ([Author_id], [Author_FName], [Author_LName], [Author_Phone], [Address], [City], [State], [Zip]) VALUES ('388607495', 'Joachim','Von Zur Gathen',  '000 000-0000', '9918 Scottsdale Rd.', 'Bonn', NULL, '99409')
INSERT [dbo].[authors] ([Author_id], [Author_FName], [Author_LName], [Author_Phone], [Address], [City], [State], [Zip]) VALUES ('408408965', 'Daron','Acemoglu',  '999 000-0000', '65, rue Faubourg St Antoine', 'Newton', 'MA', '99402')
INSERT [dbo].[authors] ([Author_id], [Author_FName], [Author_LName], [Author_Phone], [Address], [City], [State], [Zip]) VALUES ('409567008', 'Abraham','Bennet',  '415 658-9932', '6223 Bateman St.', 'Berkeley','CA','94705')
INSERT [dbo].[authors] ([Author_id], [Author_FName], [Author_LName], [Author_Phone], [Address], [City], [State], [Zip]) VALUES ('427172319', 'Ann','Dull',  '415 836-7128', '3410 Blonde St.', 'Palo Alto', 'CA', '94301')
INSERT [dbo].[authors] ([Author_id], [Author_FName], [Author_LName], [Author_Phone], [Address], [City], [State], [Zip]) VALUES ('472272349', 'Burt','Gringlesby', '707 938-6445', 'PO Box 792', 'Covelo', 'CA','95428')
INSERT [dbo].[authors] ([Author_id], [Author_FName], [Author_LName], [Author_Phone], [Address], [City], [State], [Zip]) VALUES ('486291786', 'Charlene','Locksley',  '415 585-4620', '18 Broadway Av.', 'San Francisco', 'CA', '94130')
INSERT [dbo].[authors] ([Author_id], [Author_FName], [Author_LName], [Author_Phone], [Address], [City], [State], [Zip]) VALUES ('527723246', 'Greene','Morningstar',  '615 297-2723', '22 Graybar House Rd.', 'Nashville', 'TN', '37215')
INSERT [dbo].[authors] ([Author_id], [Author_FName], [Author_LName], [Author_Phone], [Address], [City], [State], [Zip]) VALUES ('585436756', 'George Raymond Richa','Martin',  '999 000-0000', '5496 Village Pl.', 'New Jersey', 'NJ', '99534')
INSERT [dbo].[authors] ([Author_id], [Author_FName], [Author_LName], [Author_Phone], [Address], [City], [State], [Zip]) VALUES ('648921872', 'Reginald','Blotchet-Halls',  '503 745-6402', '55 Hillsdale Bl.', 'Corvallis', 'OR', '97330')
INSERT [dbo].[authors] ([Author_id], [Author_FName], [Author_LName], [Author_Phone], [Address], [City], [State], [Zip]) VALUES ('672713249', 'Akiko','Yokomoto',  '415 935-4228', '3 Silver Ct.', 'Walnut Creek','CA', '94595')
INSERT [dbo].[authors] ([Author_id], [Author_FName], [Author_LName], [Author_Phone], [Address], [City], [State], [Zip]) VALUES ('712-51867', 'Innes','del Castillo',  '615 996-8275', '2286 Cram Pl. #86', 'Ann Arbor', 'MI', '48105')
INSERT [dbo].[authors] ([Author_id], [Author_FName], [Author_LName], [Author_Phone], [Address], [City], [State], [Zip]) VALUES ('722515454', 'Michel','DeFrance',  '219 547-9982', '3 Balding Pl.', 'Gary', 'IN', '46403')
INSERT [dbo].[authors] ([Author_id], [Author_FName], [Author_LName], [Author_Phone], [Address], [City], [State], [Zip]) VALUES ('724089931', 'Dirk','Stringer',  '415 843-2991', '5420 Telegraph Av.', 'Oakland', 'CA', '94609')
INSERT [dbo].[authors] ([Author_id], [Author_FName], [Author_LName], [Author_Phone], [Address], [City], [State], [Zip]) VALUES ('724009391', 'Stearns','MacFeather',  '415 354-7128', '44 Upland Hts.', 'Oakland', 'CA', '94612')
INSERT [dbo].[authors] ([Author_id], [Author_FName], [Author_LName], [Author_Phone], [Address], [City], [State], [Zip]) VALUES ('756307391', 'Livia','Karsen',  '415 534-9219', '5720 McAuley St.', 'Oakland', 'CA', '94609')
INSERT [dbo].[authors] ([Author_id], [Author_FName], [Author_LName], [Author_Phone], [Address], [City], [State], [Zip]) VALUES ('807916654', 'Sylvia', 'Panteley', '301 946-8853', '1956 Arlington Pl.', 'Rockville', 'MD', N'20853')
INSERT [dbo].[authors] ([Author_id], [Author_FName], [Author_LName], [Author_Phone], [Address], [City], [State], [Zip]) VALUES ('846927186', 'Sheryl','Hunter',  '415 836-7128', '3410 Blonde St.', 'Palo Alto','CA', '94301')
INSERT [dbo].[authors] ([Author_id], [Author_FName], [Author_LName], [Author_Phone], [Address], [City], [State], [Zip]) VALUES ('893721158', 'Heather','McBadden',  '707 448-4982', '301 Putnam', 'Vacaville', 'CA', '95688')
INSERT [dbo].[authors] ([Author_id], [Author_FName], [Author_LName], [Author_Phone], [Address], [City], [State], [Zip]) VALUES ('899462035', 'Anne','Ringer',  '801 826-0752', '67 Seventh Av.', 'Salt Lake City', 'UT', '84152')
INSERT [dbo].[authors] ([Author_id], [Author_FName], [Author_LName], [Author_Phone], [Address], [City], [State], [Zip]) VALUES ('9972-3567', 'Albert','Ringer',  '801 826-0752', '67 Seventh Av.', 'Salt Lake City','UT', '84152')
GO
INSERT [dbo].[bookcopies] ([copy_id], [Book_id], [Title], [condition], [Is_Available]) VALUES (1, 'BL4371', 'Modern Computer Algebra', 'NEW', 1)
INSERT [dbo].[bookcopies] ([copy_id], [Book_id], [Title], [condition], [Is_Available]) VALUES (2, 'BL4371', 'Modern Computer Algebra', 'LOST', 0)
INSERT [dbo].[bookcopies] ([copy_id], [Book_id], [Title], [condition], [Is_Available]) VALUES (3, 'BL4371', 'Modern Computer Algebra', 'NEW', 1)
INSERT [dbo].[bookcopies] ([copy_id], [Book_id], [Title], [condition], [Is_Available]) VALUES (4, 'BL4371', 'Modern Computer Algebra', 'EXCELLENT', 1)
INSERT [dbo].[bookcopies] ([copy_id], [Book_id], [Title], [condition], [Is_Available]) VALUES (5, 'BL4371', 'Modern Computer Algebra', 'GOOD', 1)
INSERT [dbo].[bookcopies] ([copy_id], [Book_id], [Title], [condition], [Is_Available]) VALUES (6, 'BL4371', 'Modern Computer Algebra', 'POOR', 0)
INSERT [dbo].[bookcopies] ([copy_id], [Book_id], [Title], [condition], [Is_Available]) VALUES (7, 'BL4371', 'Modern Computer Algebra', 'POOR', 0)
INSERT [dbo].[bookcopies] ([copy_id], [Book_id], [Title], [condition], [Is_Available]) VALUES (8, 'BR5671', 'Why Nations Fail', 'POOR', 0)
INSERT [dbo].[bookcopies] ([copy_id], [Book_id], [Title], [condition], [Is_Available]) VALUES (9, 'BR5671', 'Why Nations Fail', 'EXCELLENT', 0)
INSERT [dbo].[bookcopies] ([copy_id], [Book_id], [Title], [condition], [Is_Available]) VALUES (10, 'BR5671', 'Why Nations Fail', 'EXCELLENT', 1)
INSERT [dbo].[bookcopies] ([copy_id], [Book_id], [Title], [condition], [Is_Available]) VALUES (11, 'BR5671', 'Why Nations Fail','EXCELLENT', 0)
INSERT [dbo].[bookcopies] ([copy_id], [Book_id], [Title], [condition], [Is_Available]) VALUES (12, 'BR5671', 'Why Nations Fail', 'EXCELLENT', 0)
INSERT [dbo].[bookcopies] ([copy_id], [Book_id], [Title], [condition], [Is_Available]) VALUES (13, 'BR5671', 'Why Nations Fail', 'GOOD', 0)
INSERT [dbo].[bookcopies] ([copy_id], [Book_id], [Title], [condition], [Is_Available]) VALUES (14, 'BR5671', 'Why Nations Fail', 'WORN', 0)
INSERT [dbo].[bookcopies] ([copy_id], [Book_id], [Title], [condition], [Is_Available]) VALUES (15, 'BT6646', 'Harry Potter', 'NEW', 0)
INSERT [dbo].[bookcopies] ([copy_id], [Book_id], [Title], [condition], [Is_Available]) VALUES (16, 'BT6646', 'Harry Potter', 'NEW', 0)
INSERT [dbo].[bookcopies] ([copy_id], [Book_id], [Title], [condition], [Is_Available]) VALUES (17, 'BT6646', 'Harry Potter', 'EXCELLENT', 0)
INSERT [dbo].[bookcopies] ([copy_id], [Book_id], [Title], [condition], [Is_Available]) VALUES (18, 'BT6646', 'Harry Potter', 'EXCELLENT', 0)
INSERT [dbo].[bookcopies] ([copy_id], [Book_id], [Title], [condition], [Is_Available]) VALUES (19, 'BT6646', 'Harry Potter', 'POOR', 0)
INSERT [dbo].[bookcopies] ([copy_id], [Book_id], [Title], [condition], [Is_Available]) VALUES (20, 'BT6646', 'Harry Potter', 'POOR', 0)
INSERT [dbo].[bookcopies] ([copy_id], [Book_id], [Title], [condition], [Is_Available]) VALUES (21, 'ZJ4675', 'The Return of the King', 'POOR', 0)
INSERT [dbo].[bookcopies] ([copy_id], [Book_id], [Title], [condition], [Is_Available]) VALUES (22, 'ZJ4675', 'The Return of the King', 'POOR', 0)
INSERT [dbo].[bookcopies] ([copy_id], [Book_id], [Title], [condition], [Is_Available]) VALUES (23, 'ZJ4675', 'The Return of the King', 'POOR', 0)
INSERT [dbo].[bookcopies] ([copy_id], [Book_id], [Title], [condition], [Is_Available]) VALUES (24, 'ZJ4675', 'The Return of the King', 'GOOD', 0)
INSERT [dbo].[bookcopies] ([copy_id], [Book_id], [Title], [condition], [Is_Available]) VALUES (25, 'ZJ4675', 'The Return of the King', 'GOOD', 0)
INSERT [dbo].[bookcopies] ([copy_id], [Book_id], [Title], [condition], [Is_Available]) VALUES (26, 'ZJ4675', 'The Return of the King', 'GOOD', 0)
INSERT [dbo].[bookcopies] ([copy_id], [Book_id], [Title], [condition], [Is_Available]) VALUES (27, 'ZJ4675', 'The Return of the King','EXCELLENT', 0)
INSERT [dbo].[bookcopies] ([copy_id], [Book_id], [Title], [condition], [Is_Available]) VALUES (28, 'ZJ4675', 'The Return of the King', 'EXCELLENT', 0)
INSERT [dbo].[bookcopies] ([copy_id], [Book_id], [Title], [condition], [Is_Available]) VALUES (29, 'ZJ4675', 'The Return of the King', 'EXCELLENT', 0)
INSERT [dbo].[bookcopies] ([copy_id], [Book_id], [Title], [condition], [Is_Available]) VALUES (30, 'EX5727', 'The Fellowship of the Ring', 'EXCELLENT', 0)
INSERT [dbo].[bookcopies] ([copy_id], [Book_id], [Title], [condition], [Is_Available]) VALUES (31, 'EX5727', 'The Fellowship of the Ring', 'GOOD', 0)


GO
INSERT [dbo].[books_borrowed] ([Borrowed_id], [Borrower_id], [Copy_id], [Borrowed_date], [Due_Date], [Returned_date], [Card_id], [Is_Returned]) VALUES (2, 5, 9,CAST(N'2022-04-24' AS Date), CAST(N'2022-05-08' AS Date),3, 0, NULL)
INSERT [dbo].[books_borrowed] ([Borrowed_id], [Borrower_id], [Copy_id], [Borrowed_date], [Due_Date], [Returned_date], [Card_id], [Is_Returned]) VALUES (3, 6,11,  CAST(N'2022-04-24' AS Date), CAST(N'2022-05-08' AS Date),4, 0, NULL)
INSERT [dbo].[books_borrowed] ([Borrowed_id], [Borrower_id], [Copy_id], [Borrowed_date], [Due_Date], [Returned_date], [Card_id], [Is_Returned]) VALUES (4, 52,  CAST(N'2022-04-24' AS Date), CAST(N'2022-05-08' AS Date),15, 0, NULL)
INSERT [dbo].[books_borrowed] ([Borrowed_id], [Borrower_id], [Copy_id], [Borrowed_date], [Due_Date], [Returned_date], [Card_id], [Is_Returned]) VALUES (5, 24, CAST(N'2022-04-24' AS Date), CAST(N'2022-05-08' AS Date),7, 0, NULL)
INSERT [dbo].[books_borrowed] ([Borrowed_id], [Borrower_id], [Copy_id], [Borrowed_date], [Due_Date], [Returned_date], [Card_id], [Is_Returned]) VALUES (6, 51, CAST(N'2022-04-24' AS Date), CAST(N'2022-05-08' AS Date),8, 0, NULL)
INSERT [dbo].[books_borrowed] ([Borrowed_id], [Borrower_id], [Copy_id], [Borrowed_date], [Due_Date], [Returned_date], [Card_id], [Is_Returned]) VALUES (7, 26,  CAST(N'2022-04-24' AS Date), CAST(N'2022-05-08' AS Date),37, 0, NULL)
INSERT [dbo].[books_borrowed] ([Borrowed_id], [Borrower_id], [Copy_id], [Borrowed_date], [Due_Date], [Returned_date], [Card_id], [Is_Returned]) VALUES (8, 44, CAST(N'2022-04-24' AS Date), CAST(N'2022-05-08' AS Date),10, 0, NULL)
INSERT [dbo].[books_borrowed] ([Borrowed_id], [Borrower_id], [Copy_id], [Borrowed_date], [Due_Date], [Returned_date], [Card_id], [Is_Returned]) VALUES (9, 25,  CAST(N'2022-04-24' AS Date), CAST(N'2022-05-08' AS Date),37, 0, NULL)
INSERT [dbo].[books_borrowed] ([Borrowed_id], [Borrower_id], [Copy_id], [Borrowed_date], [Due_Date], [Returned_date], [Card_id], [Is_Returned]) VALUES (32, 40, 33,CAST(N'2022-04-24' AS Date), CAST(N'2022-05-08' AS Date),40, 0, NULL)
GO
INSERT [dbo].[borrowers] ([Borrower_id], [card_id], [ssn], [first_name], [last_name], [address], [phone], [Birthdate], [card_issue_date], [balance_due], [is_expired], [lg_address], [lg_name], [lg_phone]) VALUES (1, 1, '153322413', N'Victoria', N'Carlson', N'8871 Likins Ave.', '2805550166', CAST(N'2007-05-01' AS Date), CAST(N'2019-10-19' AS Date), CAST(10.00 AS Decimal(6, 2)), 0, N'8871 Likins Ave.', N'Emily Brown', '2085550143')
INSERT [dbo].[borrowers] ([Borrower_id], [card_id], [ssn], [first_name], [last_name], [address], [phone], [Birthdate], [card_issue_date], [balance_due], [is_expired], [lg_address], [lg_name], [lg_phone]) VALUES (2, 2, '373316878', N'Lowell', N'Diaz', N'5452 Corte Gilberto', '241852006 ', CAST(N'1971-07-24' AS Date), CAST(N'2018-01-11' AS Date), CAST(7.30 AS Decimal(6, 2)), 0, NULL, NULL, NULL)
INSERT [dbo].[borrowers] ([Borrower_id], [card_id], [ssn], [first_name], [last_name], [address], [phone], [Birthdate], [card_issue_date], [balance_due], [is_expired], [lg_address], [lg_name], [lg_phone]) VALUES (3, 3, '334729174', N'Joshua', N'Shen', N'7538 Sherry Circle', '517114000 ', CAST(N'1978-01-29' AS Date), CAST(N'2013-08-24' AS Date), CAST(8.00 AS Decimal(6, 2)), 0, NULL, NULL, NULL)
INSERT [dbo].[borrowers] ([Borrower_id], [card_id], [ssn], [first_name], [last_name], [address], [phone], [Birthdate], [card_issue_date], [balance_due], [is_expired], [lg_address], [lg_name], [lg_phone]) VALUES (4, 4, '770979140', N'Franklin', N'Hughes', N'7185 St George Dr', '801516015 ', CAST(N'1956-01-16' AS Date), CAST(N'2018-01-21' AS Date), CAST(0.00 AS Decimal(6, 2)), 0, NULL, NULL, NULL)
INSERT [dbo].[borrowers] ([Borrower_id], [card_id], [ssn], [first_name], [last_name], [address], [phone], [Birthdate], [card_issue_date], [balance_due], [is_expired], [lg_address], [lg_name], [lg_phone]) VALUES (6, 6, '660783774', N'Karen', N'Serrano', N'2226 Cleveland Avenue', '839872833 ', CAST(N'1977-01-10' AS Date), CAST(N'2014-06-25' AS Date), CAST(0.00 AS Decimal(6, 2)), 0, NULL, NULL, NULL) 
INSERT [dbo].[borrowers] ([Borrower_id], [card_id], [ssn], [first_name], [last_name], [address], [phone], [Birthdate], [card_issue_date], [balance_due], [is_expired], [lg_address], [lg_name], [lg_phone]) VALUES (8, 8, '251368918', N'Alicia', N'Salanki', N'1440 Willow Pass Dr.', '8789-2932 ', CAST(N'1977-09-13' AS Date), CAST(N'2017-08-06' AS Date), CAST(0.00 AS Decimal(6, 2)), 0, NULL, NULL, NULL)
INSERT [dbo].[borrowers] ([Borrower_id], [card_id], [ssn], [first_name], [last_name], [address], [phone], [Birthdate], [card_issue_date], [balance_due], [is_expired], [lg_address], [lg_name], [lg_phone]) VALUES (9, 9, '415103694', N'Timothy', N'Hayes', N'55, rue de Courtaboeuf', '475447331 ', CAST(N'1988-03-14' AS Date), CAST(N'2014-01-18' AS Date), CAST(55.00 AS Decimal(6, 2)), 0, NULL, NULL, NULL)
INSERT [dbo].[borrowers] ([Borrower_id], [card_id], [ssn], [first_name], [last_name], [address], [phone], [Birthdate], [card_issue_date], [balance_due], [is_expired], [lg_address], [lg_name], [lg_phone]) VALUES (10, 10, '236519575', N'Reginald', N'Liu', N'8467 Clifford Court', '437557353 ', CAST(N'1972-09-17' AS Date), CAST(N'2015-02-09' AS Date), CAST(0.00 AS Decimal(6, 2)), 0, NULL, NULL, NULL)
INSERT [dbo].[borrowers] ([Borrower_id], [card_id], [ssn], [first_name], [last_name], [address], [phone], [Birthdate], [card_issue_date], [balance_due], [is_expired], [lg_address], [lg_name], [lg_phone]) VALUES (11, 11, '523828357', N'Tabitha', N'Patel', N'9, rue Saint-Lazare', '772922209 ', CAST(N'1984-12-08' AS Date), CAST(N'2015-01-17' AS Date), CAST(0.00 AS Decimal(6, 2)), 0, NULL, NULL, NULL)
INSERT [dbo].[borrowers] ([Borrower_id], [card_id], [ssn], [first_name], [last_name], [address], [phone], [Birthdate], [card_issue_date], [balance_due], [is_expired], [lg_address], [lg_name], [lg_phone]) VALUES (12, 12, '221376992', N'Dwayne', N'Henderson', N'2973 Cardinal Drive', '928578369 ', CAST(N'1971-09-11' AS Date), CAST(N'2017-01-15' AS Date), CAST(12.00 AS Decimal(6, 2)), 0, NULL, NULL, NULL)
INSERT [dbo].[borrowers] ([Borrower_id], [card_id], [ssn], [first_name], [last_name], [address], [phone], [Birthdate], [card_issue_date], [balance_due], [is_expired], [lg_address], [lg_name], [lg_phone]) VALUES (13, 13, '672478652', N'Zoe', N'Luo', N'464 Ahneita Dr.', '493848116 ', CAST(N'1977-04-16' AS Date), CAST(N'2012-05-13' AS Date), CAST(0.00 AS Decimal(6, 2)), 1, NULL, NULL, NULL)
INSERT [dbo].[borrowers] ([Borrower_id], [card_id], [ssn], [first_name], [last_name], [address], [phone], [Birthdate], [card_issue_date], [balance_due], [is_expired], [lg_address], [lg_name], [lg_phone]) VALUES (14, 14, '199862277', N'Brad', N'Guo', N'Heiderweg 4284', '569514445 ', CAST(N'1985-09-23' AS Date), CAST(N'2011-11-07' AS Date), CAST(0.00 AS Decimal(6, 2)), 1, NULL, NULL, NULL)
INSERT [dbo].[borrowers] ([Borrower_id], [card_id], [ssn], [first_name], [last_name], [address], [phone], [Birthdate], [card_issue_date], [balance_due], [is_expired], [lg_address], [lg_name], [lg_phone])VALUES (15, 15, '551995067', N'Alice', N'Gray', N'2612 Berry Dr', '262841293 ', CAST(N'1988-05-16' AS Date), CAST(N'2020-11-19' AS Date), CAST(0.00 AS Decimal(6, 2)), 0, NULL, NULL, NULL)
INSERT [dbo].[borrowers] ([Borrower_id], [card_id], [ssn], [first_name], [last_name], [address], [phone], [Birthdate], [card_issue_date], [balance_due], [is_expired], [lg_address], [lg_name], [lg_phone])VALUES (5, 15, '551995067', N'Andy', N'Green', N'2615 Berrier Dr', '262841299 ', CAST(N'1988-05-16' AS Date), CAST(N'2021-11-19' AS Date), CAST(59.00 AS Decimal(6, 2)), 0, NULL, NULL, NULL)

GO
INSERT [dbo].[Branches] ([branch_id], [name], [address], [phone], [fax]) VALUES (1, 'Brooklyn', N'10 Grand Army Plaza', '7182302100', NULL)
INSERT [dbo].[Branches] ([branch_id], [name], [address], [phone], [fax]) VALUES (2, 'Central Valley', N'8871 Likins Ave.','9995550198', NULL)
INSERT [dbo].[branches] ([branch_id], [name], [address], [phone], [fax]) VALUES (3, 'Cheektowaga', N'7779 Merry Drive', N'9995550183', NULL)
INSERT [dbo].[branches] ([branch_id], [name], [address], [phone], [fax]) VALUES (4, 'Clay', N'6837 Pirate Lane', '9995550155', NULL)
INSERT [dbo].[branches] ([branch_id], [name], [address], [phone], [fax]) VALUES (5, 'Valley Stream', N'Green Acres Mall', '9995550152', NULL)
INSERT [dbo].[branches] ([branch_id], [name], [address], [phone], [fax]) VALUES (6, 'Ithaca', N'Pyramid Mall', '9995550149', NULL)
INSERT [dbo].[branches] ([branch_id], [name], [address], [phone], [fax]) VALUES (7, 'Lake George', N'Adirondack Factory Outlet', '9995550133', NULL)
INSERT [dbo].[branches] ([branch_id], [name], [address], [phone], [fax]) VALUES (8, 'De Witt', N'6405 Erie Blvd. Hills Plaza', '9995550126', NULL)
INSERT [dbo].[branches] ([branch_id], [name], [address], [phone], [fax]) VALUES (9, 'New Hartford', N'7505 Commercial Dr.', '9995550111', NULL)
INSERT [dbo].[branches] ([branch_id], [name], [address], [phone], [fax]) VALUES (10, 'New York', N'123 Union Square South', '9985550194', NULL)
GO
INSERT [dbo].[categories] ([Category_id], [Category_type]) VALUES (1, 'Fiction')
INSERT [dbo].[Categories] ([Category_id], [Category_type]) VALUES (2, 'Mystery')
INSERT [dbo].[categories] ([Category_id], [Category_type]) VALUES (3, 'Science fiction')
INSERT [dbo].[categories] ([Category_id], [Category_type]) VALUES (4, 'Juvenile')
INSERT [dbo].[categories] ([Category_id], [Category_type]) VALUES (5, 'Reference')
INSERT [dbo].[categories] ([Category_id], [Category_type]) VALUES (6, 'Adult')
INSERT [dbo].[categories] ([Category_id], [Category_type]) VALUES (7, 'Business')
INSERT [dbo].[categories] ([Category_id], [Category_type]) VALUES (8, 'Comparative Politics, Economics')
INSERT [dbo].[categories] ([Category_id], [Category_type]) VALUES (9, 'Computer Science')
INSERT [dbo].[categories] ([Category_id], [Category_type]) VALUES (10, 'Economics, Macroeconomics')
INSERT [dbo].[categories] ([Category_id], [Category_type]) VALUES (11, 'Epic Fantasy')
INSERT [dbo].[categories] ([Category_id], [Category_type]) VALUES (12, 'Fantasy')
INSERT [dbo].[categories] ([Category_id], [Category_type]) VALUES (13, 'High Fantasy')
INSERT [dbo].[categories] ([Category_id], [Category_type]) VALUES (14, 'Mod_cook')
INSERT [dbo].[categories] ([Category_id], [Category_type]) VALUES (15, 'Mythopoeia Fantasy')
INSERT [dbo].[categories] ([Category_id], [Category_type])  VALUES (16, 'Popular_comp')
INSERT [dbo].[categories] ([Category_id], [Category_type]) VALUES (17, 'Psychology')
INSERT [dbo].[categories] ([Category_id], [Category_type]) VALUES (18, 'Trad_cook')
INSERT [dbo].[categories] ([Category_id], [Category_type]) VALUES (19, 'Adventure')
INSERT [dbo].[categories] ([Category_id], [Category_type]) VALUES (20, 'Thriller')
INSERT [dbo].[categories] ([Category_id], [Category_type]) VALUES (21, 'Romance')
INSERT [dbo].[categories] ([Category_id], [Category_type]) VALUES (22, 'Westerns')
INSERT [dbo].[categories] ([Category_id], [Category_type]) VALUES (23, 'Dystopian')

GO
INSERT [dbo].[EmpDegrees] ([Degree_id], [Degree_Name]) VALUES (1, 'Bach Deg in Lib Sci')
INSERT [dbo].[EmpDegrees] ([Degree_id], [Degree_Name]) VALUES (2, 'Ms Deg in Lib Sci')
INSERT [dbo].[EmpDegrees] ([Degree_id], [Degree_Name]) VALUES (3, 'Online Ms of Lib Sci')
INSERT [dbo].[EmpDegrees] ([Degree_id], [Degree_Name]) VALUES (4, 'Grad Cert in Lib Sci')
INSERT [dbo].[EmpDegrees] ([Degree_id], [Degree_Name]) VALUES (999, 'Other')
GO
INSERT [dbo].[employee_type] ([EmpType_id], [EmpType_Name]) VALUES (1, 'Librarian')
INSERT [dbo].[employee_type] ([EmpType_id], [EmpType_Name]) VALUES (2, 'Network Admnstr')
INSERT [dbo].[employee_type] ([EmpType_id], [EmpType_Name]) VALUES (3, 'Computer Prog.')
INSERT [dbo].[employee_type] ([EmpType_id], [EmpType_Name]) VALUES (4, 'IT Manager')
INSERT [dbo].[employee_type] ([EmpType_id], [EmpType_Name]) VALUES (5, 'Floor Manager')
INSERT [dbo].[employee_type] ([EmpType_id], [EmpType_Name]) VALUES (6, 'Custodian')
INSERT [dbo].[employee_type] ([EmpType_id], [EmpType_Name]) VALUES (7, 'Accountant')
INSERT [dbo].[employee_type] ([EmpType_id], [EmpType_Name]) VALUES (8, 'Data Analyst')
GO
INSERT [dbo].[employees] ([employee_id], [first_name], [last_name], [address], [phone], [cell_phone], [salary_type], [salary], [birthdate], [hiredate], [vacation_time], [degree_id], [school_id], [branch_id], [is_head_librarian], [emptype_id], [degree_date]) VALUES (1, N'Tammy', N'Williams', N'7072 Meadow Lane', '925667082 ', '963434339 ', 'Salaried', CAST(70000 AS Decimal(6, 0)), CAST(N'1973-08-04' AS Date), CAST(N'2015-01-20' AS Date), 154, 1, 1, 1, 0, 1, CAST(N'2012-04-09' AS Date))
INSERT [dbo].[employees] ([employee_id], [first_name], [last_name], [address], [phone], [cell_phone], [salary_type], [salary], [birthdate], [hiredate], [vacation_time], [degree_id], [school_id], [branch_id], [is_head_librarian], [emptype_id], [degree_date]) VALUES (2, N'Charles', N'Doe', N'Po Box 25484', '649504581 ', '166201609 ', 'Salaried', CAST(90000 AS Decimal(6, 0)), CAST(N'1975-03-17' AS Date), CAST(N'2019-09-04' AS Date), 114, 2, 2, 1, 1, 1, CAST(N'2014-06-06' AS Date))
INSERT [dbo].[employees] ([employee_id], [first_name], [last_name], [address], [phone], [cell_phone], [salary_type], [salary], [birthdate], [hiredate], [vacation_time], [degree_id], [school_id], [branch_id], [is_head_librarian], [emptype_id], [degree_date]) VALUES (3, N'Sarah', N'Taylor', N'8474 Haynes Court', '175679063 ', '213572363 ', 'Salaried', CAST(70000 AS Decimal(6, 0)), CAST(N'1980-12-25' AS Date), CAST(N'2019-04-19' AS Date), 114, 1, 2, 2, 0, 1, CAST(N'2013-01-01' AS Date))
INSERT [dbo].[employees] ([employee_id], [first_name], [last_name], [address], [phone], [cell_phone], [salary_type], [salary], [birthdate], [hiredate], [vacation_time], [degree_id], [school_id], [branch_id], [is_head_librarian], [emptype_id], [degree_date]) VALUES (4, N'Morgan', N'Butler', N'Haberstr 123', '650752184 ', '215142820 ', 'Salaried', CAST(60000 AS Decimal(6, 0)), CAST(N'1970-12-23' AS Date), CAST(N'2011-07-09' AS Date), 200, 1, 5, 2, 0, 1, CAST(N'2014-09-05' AS Date))
INSERT [dbo].[employees] ([employee_id], [first_name], [last_name], [address], [phone], [cell_phone], [salary_type], [salary], [birthdate], [hiredate], [vacation_time], [degree_id], [school_id], [branch_id], [is_head_librarian], [emptype_id], [degree_date]) VALUES (6, N'Cameron', N'Smith', N'22, De Schengen', '583203406 ', '534367483 ', 'Salaried', CAST(95000 AS Decimal(6, 0)), CAST(N'1984-12-08' AS Date), CAST(N'2015-05-14' AS Date), 154, 3, 6, 3, 1, 1, CAST(N'2016-08-09' AS Date))
INSERT [dbo].[employees] ([employee_id], [first_name], [last_name], [address], [phone], [cell_phone], [salary_type], [salary], [birthdate], [hiredate], [vacation_time], [degree_id], [school_id], [branch_id], [is_head_librarian], [emptype_id], [degree_date]) VALUES (7, N'Alan', N'Pit', N'Rosemont 5538', '337419071 ', '986451303 ', 'Salaried', CAST(65000 AS Decimal(6, 0)), CAST(N'1985-09-23' AS Date), CAST(N'2013-09-16' AS Date), 154, 3, 6, 2, 0, 1, CAST(N'2017-01-09' AS Date))
INSERT [dbo].[employees] ([employee_id], [first_name], [last_name], [address], [phone], [cell_phone], [salary_type], [salary], [birthdate], [hiredate], [vacation_time], [degree_id], [school_id], [branch_id], [is_head_librarian], [emptype_id], [degree_date]) VALUES (8, N'Chloe', N'Kane', N'4845 Lighthouse Road', '600291348 ', '655685935 ', 'Salaried', CAST(68000 AS Decimal(6, 0)), CAST(N'1986-09-13' AS Date), CAST(N'2014-09-05' AS Date), 154, 1, 7, 2, 0, 1, CAST(N'2018-10-11' AS Date))
INSERT [dbo].[employees] ([employee_id], [first_name], [last_name], [address], [phone], [cell_phone], [salary_type], [salary], [birthdate], [hiredate], [vacation_time], [degree_id], [school_id], [branch_id], [is_head_librarian], [emptype_id], [degree_date]) VALUES (9, N'Tommy', N'Cane', N'6514 Morello Avenue', '523162966 ', '372229036 ', 'Salaried', CAST(88000 AS Decimal(6, 0)), CAST(N'1967-03-02' AS Date), CAST(N'2013-06-12' AS Date), 154, 3, 8, 4, 1, 1, CAST(N'2019-10-11' AS Date))
INSERT [dbo].[employees] ([employee_id], [first_name], [last_name], [address], [phone], [cell_phone], [salary_type], [salary], [birthdate], [hiredate], [vacation_time], [degree_id], [school_id], [branch_id], [is_head_librarian], [emptype_id], [degree_date]) VALUES (10, N'Rick', N'Baker', N'6239 Monti Street', '33491501 ', '737454710 ', 'Salaried', CAST(85000 AS Decimal(6, 0)), CAST(N'1990-10-07' AS Date), CAST(N'2021-10-21' AS Date), 114, 3, 3, 5, 1, 1, CAST(N'2016-10-15' AS Date))
INSERT [dbo].[employees] ([employee_id], [first_name], [last_name], [address], [phone], [cell_phone], [salary_type], [salary], [birthdate], [hiredate], [vacation_time], [degree_id], [school_id], [branch_id], [is_head_librarian], [emptype_id], [degree_date]) VALUES (11, N'Grace', N'Flores', N'2025 Greenwood Ct', '7047047043', '8638638634', 'Hourly', CAST(21 AS Decimal(6, 0)), CAST(N'1975-12-21' AS Date), CAST(N'2019-04-23' AS Date), 114, 999, 9999, 10, 0, 6, CAST(N'1900-01-01' AS Date))
INSERT [dbo].[employees] ([employee_id], [first_name], [last_name], [address], [phone], [cell_phone], [salary_type], [salary], [birthdate], [hiredate], [vacation_time], [degree_id], [school_id], [branch_id], [is_head_librarian], [emptype_id], [degree_date]) VALUES (12, N'Eduardo', N'Stone', N'1612 Geary Ct.', '649-649-6494', '6376376375', 'Hourly', CAST(21 AS Decimal(6, 0)), CAST(N'1976-01-04' AS Date), CAST(N'2003-05-04' AS Date), 200, 999, 9999, 9, 0, 6, CAST(N'1900-01-01' AS Date))
INSERT [dbo].[employees] ([employee_id], [first_name], [last_name], [address], [phone], [cell_phone], [salary_type], [salary], [birthdate], [hiredate], [vacation_time], [degree_id], [school_id], [branch_id], [is_head_librarian], [emptype_id], [degree_date]) VALUES (13, N'Karla', N'Wu', N'7554 Grammercy Lane', '1231231239', '5255255252', 'Hourly', CAST(21 AS Decimal(6, 0)), CAST(N'1986-09-07' AS Date), CAST(N'2013-03-01' AS Date), 154, 999, 9999, 8, 0, 6, CAST(N'1900-01-01' AS Date))
INSERT [dbo].[employees] ([employee_id], [first_name], [last_name], [address], [phone], [cell_phone], [salary_type], [salary], [birthdate], [hiredate], [vacation_time], [degree_id], [school_id], [branch_id], [is_head_librarian], [emptype_id], [degree_date]) VALUES (14, N'Lauren', N'Rodriguez', N'25300 Biddle Road', '6386386387', '7897897891', 'Hourly', CAST(21 AS Decimal(6, 0)), CAST(N'1978-06-26' AS Date), CAST(N'1993-11-02' AS Date), 200, 999, 9999, 7, 0, 6, CAST(N'1900-01-01' AS Date))
INSERT [dbo].[employees] ([employee_id], [first_name], [last_name], [address], [phone], [cell_phone], [salary_type], [salary], [birthdate], [hiredate], [vacation_time], [degree_id], [school_id], [branch_id], [is_head_librarian], [emptype_id], [degree_date]) VALUES (15, N'Maria', N'Bright', N'9759 Dover Way','538385382', '2192192193', 'Hourly', CAST(21 AS Decimal(6, 0)), CAST(N'1985-11-24' AS Date), CAST(N'2016-03-06' AS Date), 154, 999, 9999, 6, 0, 6, CAST(N'1900-01-01' AS Date))
GO
INSERT [dbo].[publishers] ([publisher_id], [publisher_name], [city], [state], [Contact_Name],[Contact_Phone]) VALUES (N'0736', N'New Moon Books', N'Boston', N'MA', 'Alisha Meyer','1235467895')
INSERT [dbo].[publishers] ([publisher_id], [publisher_name], [city], [state], [Contact_Name],[Contact_Phone]) VALUES (N'0877', N'Binnet & Hardley', N'Washington', N'DC','Andy Rivas', '6785486579')
INSERT [dbo].[publishers] ([publisher_id], [publisher_name], [city], [state], [Contact_Name],[Contact_Phone]) VALUES (N'1389', N'Algodata Infosystems', N'Berkeley', N'CA', 'Mindy Main', '3745685456')
INSERT [dbo].[publishers] ([publisher_id], [publisher_name], [city], [state], [Contact_Name],[Contact_Phone]) VALUES (N'1622', N'Five Lakes Publishing', N'Chicago', N'IL', 'Velicity Metham', '1234325678')
INSERT [dbo].[publishers] ([publisher_id], [publisher_name], [city], [state], [Contact_Name],[Contact_Phone]) VALUES (N'1756', N'Ramona Publishers', N'Dallas', N'TX', 'Vicki Chase', '7865435678')
INSERT [dbo].[publishers] ([publisher_id], [publisher_name], [city], [state], [Contact_Name],[Contact_Phone]) VALUES (N'9910', N'Allen & Unwin', N'London', NULL, 'Carol Goldiva','2357643876' )
INSERT [dbo].[publishers] ([publisher_id], [publisher_name], [city], [state], [Contact_Name],[Contact_Phone]) VALUES (N'9911', N'Crown Publishing Group', N'New York City', N'NY','Henry Ford', '1235467976')
INSERT [dbo].[publishers] ([publisher_id], [publisher_name], [city], [state], [Contact_Name],[Contact_Phone]) VALUES (N'9912', N'Cambridge University Press', N'Cambridge', NULL, 'Helen Minx', '3465738745')
INSERT [dbo].[publishers] ([publisher_id], [publisher_name], [city], [state], [Contact_Name],[Contact_Phone]) VALUES (N'9913', N'Bloomsbury Publishing', N'London', N'  ','Hendrix Mus', '5768547385')
GO
INSERT [dbo].[schools] ([School_id], [Schhol_Name]) VALUES (1, 'Touro University')
INSERT [dbo].[schools] ([School_id], [Schhol_name]) VALUES (2, 'University of North Carolina at Chapel Hill')
INSERT [dbo].[schools] ([School_id], [Schhol_name]) VALUES (3, 'University of Washington')
INSERT [dbo].[schools] ([School_id], [Schhol_name]) VALUES (4, 'University of Maryland at College Park')
INSERT [dbo].[schools] ([School_id], [Schhol_name]) VALUES (5, 'University of Texas at Austin')
INSERT [dbo].[schools] ([School_id], [Schhol_name]) VALUES (6, 'The State University of New Jersey at New Brunswick')
INSERT [dbo].[schools] ([School_id], [Schhol_name]) VALUES (7, 'Syracuse University')
INSERT [dbo].[schools] ([School_id], [Schhol_name]) VALUES (8, 'University of Illinois at Urbana-Champaign')
INSERT [dbo].[schools] ([School_id], [Schhol_name]) VALUES (9999, 'Other')
GO
INSERT [dbo].[Authors_Books] ([Author_id], [Book_id]) VALUES ('172321176', '4371')
INSERT [dbo].[Authors_Books] ([Author_id], [Book_id]) VALUES ('182528743', '5671')
INSERT [dbo].[Authors_Books] ([Author_id], [Book_id]) VALUES ('182528743', '6646')
INSERT [dbo].[Authors_Books] ([Author_id], [Book_id]) VALUES ('182528743', '1032')
INSERT [dbo].[Authors_Books] ([Author_id], [Book_id]) VALUES ('182528743', '1111')
INSERT [dbo].[Authors_Books] ([Author_id], [Book_id]) VALUES ('182528743', '2079')
INSERT [dbo].[Authors_Books] ([Author_id], [Book_id]) VALUES ('182528743', '7832')
INSERT [dbo].[Authors_Books] ([Author_id], [Book_id]) VALUES ('182528743', '5728')
INSERT [dbo].[Authors_Books] ([Author_id], [Book_id]) VALUES ('213468915', '3916')
INSERT [dbo].[Authors_Books] ([Author_id], [Book_id]) VALUES ('213468915', '4539')
INSERT [dbo].[Authors_Books] ([Author_id], [Book_id]) VALUES ('238957766', '2238')
INSERT [dbo].[Authors_Books] ([Author_id], [Book_id]) VALUES ('254266712', '2222')
INSERT [dbo].[Authors_Books] ([Author_id], [Book_id]) VALUES ('254266712', '3021')
GO
INSERT [dbo].[Categories_Books] ([Category_id], [Book_id]) VALUES (1, '6646')
INSERT [dbo].[Categories_Books] ([Category_id], [Book_id]) VALUES (2, '4371')
INSERT [dbo].[Categories_Books] ([Category_id], [Book_id]) VALUES (3, '1032')
INSERT [dbo].[Categories_Books] ([Category_id], [Book_id]) VALUES (5, '5671')
INSERT [dbo].[Categories_Books] ([Category_id], [Book_id]) VALUES (6, '7832')
INSERT [dbo].[Categories_Books] ([Category_id], [Book_id]) VALUES (7, '1111')
INSERT [dbo].[Categories_Books] ([Category_id], [Book_id]) VALUES (7, '1743')
INSERT [dbo].[Categories_Books] ([Category_id], [Book_id])VALUES (8, '3916')
INSERT [dbo].[Categories_Books] ([Category_id], [Book_id]) VALUES (11, '2238')
INSERT [dbo].[Categories_Books] ([Category_id], [Book_id]) VALUES (12, '3021')
INSERT [dbo].[Categories_Books] ([Category_id], [Book_id]) VALUES (5, '3916')
GO
INSERT [dbo].[Books] ([Book_id], [title], [publisher_id], [price], [Published_Date], [ISBN]) VALUES ('4371', 'Modern Computer Algebra','9912', 100.00,  CAST(N'2013-01-01T00:00:00.000' AS DateTime), '9990999999991')
INSERT [dbo].[Books] ([Book_id], [title], [publisher_id], [price], [Published_Date], [ISBN]) VALUES ('5671', 'Why Nations Fail', '9911', 70.00, CAST(N'2012-03-20T00:00:00.000' AS DateTime), '9990999999992')
INSERT [dbo].[Books] ([Book_id], [title], [publisher_id], [price], [Published_Date], [ISBN]) VALUES ('6646', 'Harry Potter', '9913', 45.00, CAST(N'1998-07-02T00:00:00.000' AS DateTime), '9990999999993')
INSERT [dbo].[Books] ([Book_id], [title], [publisher_id], [price], [Published_Date], [ISBN]) VALUES ('1032', 'The Busy Executive''s Database Guide', '1389', 19.99,  CAST(N'1991-06-12T00:00:00.000' AS DateTime), '9990999999994')
INSERT [dbo].[Books] ([Book_id], [title], [publisher_id], [price], [Published_Date], [ISBN]) VALUES ('1111', 'Cooking with Computers: Surreptitious Balance', '1389', 11.95, CAST(N'1991-06-09T00:00:00.000' AS DateTime), '9990999999995')
INSERT [dbo].[Books] ([Book_id], [title], [publisher_id], [price], [Published_Date], [ISBN]) VALUES ('2075', 'You Can Combat Computer Stress!', '0736', 82.99, CAST(N'1991-06-30T00:00:00.000' AS DateTime), '9990999999996')
INSERT [dbo].[Books] ([Book_id], [title], [publisher_id], [price], [Published_Date], [ISBN]) VALUES ('7832', 'Straight Talk About Computers', '1389', 19.99, CAST(N'1996-08-01T00:00:00.000' AS DateTime), '9990999999997')
INSERT [dbo].[Books] ([Book_id], [title], [publisher_id], [price], [Published_Date], [ISBN]) VALUES ('5727', 'The Fellowship of the Ring', '9910', 40.00, CAST(N'1954-08-29T00:00:00.000' AS DateTime), '9990999999998')
INSERT [dbo].[Books] ([Book_id], [title], [publisher_id], [price], [Published_Date], [ISBN]) VALUES ('3916', 'Economic Origins of Dictatorship', '9912', 30.00, CAST(N'2012-09-01T00:00:00.000' AS DateTime), '9990999999989')
INSERT [dbo].[Books] ([Book_id], [title], [publisher_id], [price], [Published_Date], [ISBN]) VALUES ('1743', 'The Hobbit', '9910', 60.00, CAST(N'1937-09-21T00:00:00.000' AS DateTime), '9990999999988')
INSERT [dbo].[Books] ([Book_id], [title], [publisher_id], [price], [Published_Date], [ISBN]) VALUES ('4539', 'Harry Potter and the Deathly Hallows', '9913', 45.00, , CAST(N'2007-07-14T00:00:00.000' AS DateTime), '9990999999987')
INSERT [dbo].[Books] ([Book_id], [title], [publisher_id], [price], [Published_Date], [ISBN]) VALUES ('2238', 'Harry Potter and the Half-Blood Prince', '9913', 45.00,CAST(N'2005-07-16T00:00:00.000' AS DateTime), '9990999999986')
INSERT [dbo].[Books] ([Book_id], [title], [publisher_id], [price], [Published_Date], [ISBN]) VALUES ('2222', 'Silicon Valley Gastronomic Treats', '0877', 19.99, CAST(N'1991-06-09T00:00:00.000' AS DateTime), '9990999999985')
INSERT [dbo].[Books] ([Book_id], [title], [publisher_id], [price], [Published_Date], [ISBN]) VALUES ('3021', 'The Gourmet Microwave', '0877', 26.99 , CAST(N'1991-06-18T00:00:00.000' AS DateTime),  '9990999999984')
     
GO
INSERT [dbo].[bookcopies] ([copy_id], [Book_id], [Title], [condition], [is_available]) VALUES (201, '4371','Modern Computer Algebra',  'NEW', 1)
INSERT [dbo].[bookcopies] ([copy_id], [Book_id], [Title], [condition], [is_available]) VALUES (202, '5671','Why Nations Fail', 'NEW', 1)
INSERT [dbo].[bookcopies] ([copy_id], [Book_id], [Title], [condition], [is_available]) VALUES (203, '6646','Harry Potter',  'NEW', 1)
INSERT [dbo].[bookcopies] ([copy_id], [Book_id], [Title], [condition], [is_available]) VALUES (204, '1032','The Busy Executive''s Database Guide',  'GOOD', 1)
INSERT [dbo].[bookcopies] ([copy_id], [Book_id], [Title], [condition], [is_available]) VALUES (205, '1111', 'Cooking with Computers: Surreptitious Balance', 'POOR', 1)
INSERT [dbo].[bookcopies] ([copy_id], [Book_id], [Title], [condition], [is_available]) VALUES (206, '2075', 'You Can Combat Computer Stress!', 'NEW', 1)
INSERT [dbo].[bookcopies] ([copy_id], [Book_id], [Title], [condition], [is_available]) VALUES (207, '7832', 'Straight Talk About Computers', 'EXCELLENT', 1)
INSERT [dbo].[bookcopies] ([copy_id], [Book_id], [Title], [condition], [is_available]) VALUES (208, '5727','The Fellowship of the Ring',  'NEW', 1)
INSERT [dbo].[bookcopies] ([copy_id], [Book_id], [Title], [condition], [is_available]) VALUES (209, '3916','Economic Origins of Dictatorship',  'POOR', 1)
INSERT [dbo].[bookcopies] ([copy_id], [Book_id], [Title], [condition], [is_available]) VALUES (210, '1743', 'The Hobbit','NEW', 1)
INSERT [dbo].[bookcopies] ([copy_id], [Book_id], [Title], [condition], [is_available]) VALUES (211, '2238', 'Harry Potter and the Half-Blood Prince', 'GOOD', 1)
INSERT [dbo].[bookcopies] ([copy_id], [Book_id], [Title], [condition], [is_available]) VALUES (212, '2222', 'Silicon Valley Gastronomic Treats', 'EXCELLENT', 1)
GO

INSERT [dbo].[books_borrowed] ([Borrowed_id],[Borrower_id], [copy_id], [card_id], [borrowed_date], [due_date], [is_Returned], [returned_date]) VALUES (1, 1,201, 2, CAST(N'2022-04-01' AS Date), CAST(N'2022-04-15' AS Date), 1, CAST(N'2022-04-24' AS Date))
INSERT [dbo].[books_borrowed] ([Borrowed_id],[Borrower_id], [copy_id], [card_id], [borrowed_date], [due_date], [is_Returned], [returned_date]) VALUES (2, 1,209, 3, CAST(N'2022-04-24' AS Date), CAST(N'2022-05-08' AS Date), 0, NULL)
INSERT [dbo].[books_borrowed] ([Borrowed_id],[Borrower_id], [copy_id], [card_id], [borrowed_date], [due_date], [is_Returned], [returned_date]) VALUES (3,2, 211, 4, CAST(N'2022-04-24' AS Date), CAST(N'2022-05-08' AS Date), 0, NULL)
INSERT [dbo].[books_borrowed] ([Borrowed_id],[Borrower_id], [copy_id], [card_id], [borrowed_date], [due_date], [is_Returned], [returned_date]) VALUES (4,3, 202, 15, CAST(N'2022-04-24' AS Date), CAST(N'2022-05-08' AS Date), 0, NULL)
INSERT [dbo].[books_borrowed] ([Borrowed_id],[Borrower_id], [copy_id], [card_id], [borrowed_date], [due_date], [is_Returned], [returned_date]) VALUES (5, 4,204, 7, CAST(N'2022-04-24' AS Date), CAST(N'2022-05-08' AS Date), 0, NULL)
INSERT [dbo].[books_borrowed] ([Borrowed_id],[Borrower_id], [copy_id], [card_id], [borrowed_date], [due_date], [is_Returned], [returned_date]) VALUES (6,4, 201, 8, CAST(N'2022-04-24' AS Date), CAST(N'2022-05-08' AS Date), 0, NULL)
INSERT [dbo].[books_borrowed] ([Borrowed_id],[Borrower_id], [copy_id], [card_id], [borrowed_date], [due_date], [is_Returned], [returned_date]) VALUES (7, 5,206, 37, CAST(N'2022-04-24' AS Date), CAST(N'2022-05-08' AS Date), 0, NULL)
INSERT [dbo].[books_borrowed] ([Borrowed_id],[Borrower_id], [copy_id], [card_id], [borrowed_date], [due_date], [is_Returned], [returned_date]) VALUES (8, 6,204, 10, CAST(N'2022-04-24' AS Date), CAST(N'2022-05-08' AS Date), 0, NULL)
INSERT [dbo].[books_borrowed] ([Borrowed_id],[Borrower_id], [copy_id], [card_id], [borrowed_date], [due_date], [is_Returned], [returned_date]) VALUES (9, 7,205, 37, CAST(N'2022-04-24' AS Date), CAST(N'2022-05-08' AS Date), 0, NULL)
INSERT [dbo].[books_borrowed] ([Borrowed_id],[Borrower_id], [copy_id], [card_id], [borrowed_date], [due_date], [is_Returned], [returned_date]) VALUES (10,8, 208, 2, CAST(N'2022-04-24' AS Date), CAST(N'2022-05-08' AS Date), 0, NULL)
INSERT [dbo].[books_borrowed] ([Borrowed_id],[Borrower_id], [copy_id], [card_id], [borrowed_date], [due_date], [is_Returned], [returned_date]) VALUES (11,5, 206, 10, CAST(N'2022-04-24' AS Date), CAST(N'2022-05-08' AS Date), 0, NULL)
INSERT [dbo].[books_borrowed] ([Borrowed_id],[Borrower_id], [copy_id], [card_id], [borrowed_date], [due_date], [is_Returned], [returned_date]) VALUES (12,9, 201, 5, CAST(N'2022-04-24' AS Date), CAST(N'2022-05-08' AS Date), 0, NULL)
INSERT [dbo].[books_borrowed] ([Borrowed_id],[Borrower_id], [copy_id], [card_id], [borrowed_date], [due_date], [is_Returned], [returned_date]) VALUES (13,6, 205, 20, CAST(N'2022-04-24' AS Date), CAST(N'2022-05-08' AS Date), 0, NULL)
INSERT [dbo].[books_borrowed] ([Borrowed_id],[Borrower_id], [copy_id], [card_id], [borrowed_date], [due_date], [is_Returned], [returned_date]) VALUES (14,10, 202, 10, CAST(N'2022-04-24' AS Date), CAST(N'2022-05-08' AS Date), 0, NULL)
INSERT [dbo].[books_borrowed] ([Borrowed_id],[Borrower_id], [copy_id], [card_id], [borrowed_date], [due_date], [is_Returned], [returned_date]) VALUES (15,2, 207, 17, CAST(N'2022-04-24' AS Date), CAST(N'2022-05-08' AS Date), 0, NULL)
INSERT [dbo].[books_borrowed] ([Borrowed_id],[Borrower_id], [copy_id], [card_id], [borrowed_date], [due_date], [is_Returned], [returned_date]) VALUES (16,3, 210, 20, CAST(N'2022-04-24' AS Date), CAST(N'2022-05-08' AS Date), 0, NULL)
INSERT [dbo].[books_borrowed] ([Borrowed_id],[Borrower_id], [copy_id], [card_id], [borrowed_date], [due_date], [is_Returned], [returned_date]) VALUES (17,4, 211, 25, CAST(N'2022-04-24' AS Date), CAST(N'2022-05-08' AS Date), 0, NULL)
INSERT [dbo].[books_borrowed] ([Borrowed_id],[Borrower_id], [copy_id], [card_id], [borrowed_date], [due_date], [is_Returned], [returned_date]) VALUES (18, 5,210, 38, CAST(N'2022-04-24' AS Date), CAST(N'2022-05-08' AS Date), 0, NULL)
INSERT [dbo].[books_borrowed] ([Borrowed_id],[Borrower_id], [copy_id], [card_id], [borrowed_date], [due_date], [is_Returned], [returned_date]) VALUES (19,7, 209, 35, CAST(N'2022-04-24' AS Date), CAST(N'2022-05-08' AS Date), 0, NULL)
GO

INSERT [dbo].[Shift_Logins] ([Login_id], [Employee_id], [Hours],[Shift_Date]) VALUES (1000,1,33,'2022-05-04')
INSERT [dbo].[Shift_Logins] ([Login_id], [Employee_id], [Hours],[Shift_Date]) VALUES (1001,2,32,'2022-04-04')
INSERT [dbo].[Shift_Logins] ([Login_id], [Employee_id], [Hours],[Shift_Date]) VALUES (1002,3,34,'2022-03-04')
INSERT [dbo].[Shift_Logins] ([Login_id], [Employee_id], [Hours],[Shift_Date]) VALUES (1003,4,32,'2022-04-02')
INSERT [dbo].[Shift_Logins] ([Login_id], [Employee_id], [Hours],[Shift_Date]) VALUES (1004,6,25,'2022-01-04')
INSERT [dbo].[Shift_Logins] ([Login_id], [Employee_id], [Hours],[Shift_Date]) VALUES (1005,6,39,'2022-04-08')
INSERT [dbo].[Shift_Logins] ([Login_id], [Employee_id], [Hours],[Shift_Date]) VALUES (1006,7,31,'2022-02-06')
INSERT [dbo].[Shift_Logins] ([Login_id], [Employee_id], [Hours],[Shift_Date]) VALUES (1007,8,25,'2022-06-04')
INSERT [dbo].[Shift_Logins] ([Login_id], [Employee_id], [Hours],[Shift_Date]) VALUES (1008,9,39,'2022-08-08')
INSERT [dbo].[Shift_Logins] ([Login_id], [Employee_id], [Hours],[Shift_Date]) VALUES (1009,10,31,'2022-03-06')
INSERT [dbo].[Shift_Logins] ([Login_id], [Employee_id], [Hours],[Shift_Date]) VALUES (1010,11,25,'2022-06-06')
INSERT [dbo].[Shift_Logins] ([Login_id], [Employee_id], [Hours],[Shift_Date]) VALUES (1011,13,39,'2022-08-06')
INSERT [dbo].[Shift_Logins] ([Login_id], [Employee_id], [Hours],[Shift_Date]) VALUES (1012,14,31,'2022-03-02')
INSERT [dbo].[Shift_Logins] ([Login_id], [Employee_id], [Hours],[Shift_Date]) VALUES (1013,15,30,'2022-09-02')
